ID,pred_model
1,Model_H
2,Model_H
3,Model_H
4,Model_H
5,Model_H
6,Model_H
7,Model_H
8,Model_H
9,Model_H
10,Model_H
11,Model_H
12,Model_H
13,Model_H
14,Model_H
15,Model_H
16,Model_H
17,Model_H
18,Model_H
19,Model_H
20,Model_H
21,Model_H
22,Model_H
23,Model_H
24,Model_H
25,Model_H
26,Model_H
27,Model_H
28,Model_H
29,Model_H
30,Model_H
31,Model_H
32,Model_H
33,Model_H
34,Model_H
35,Model_H
36,Model_H
37,Model_H
38,Model_H
39,Model_H
40,Model_H
41,Model_H
42,Model_H
43,Model_H
44,Model_H
45,Model_H
46,Model_H
47,Model_H
48,Model_H
49,Model_H
50,Model_H
51,Model_H
52,Model_H
53,Model_H
54,Model_H
55,Model_H
56,Model_H
57,Model_H
58,Model_H
59,Model_H
60,Model_H
61,Model_H
62,Model_H
63,Model_H
64,Model_H
65,Model_H
66,Model_H
67,Model_H
68,Model_H
69,Model_H
70,Model_H
71,Model_H
72,Model_H
73,Model_H
74,Model_H
75,Model_H
76,Model_H
77,Model_H
78,Model_H
79,Model_H
80,Model_H
81,Model_H
82,Model_H
83,Model_H
84,Model_H
85,Model_H
86,Model_H
87,Model_H
88,Model_H
89,Model_H
90,Model_H
91,Model_H
92,Model_H
93,Model_H
94,Model_H
95,Model_H
96,Model_H
97,Model_H
98,Model_H
99,Model_H
100,Model_H
101,Model_H
102,Model_H
103,Model_H
104,Model_H
105,Model_H
106,Model_H
107,Model_H
108,Model_H
109,Model_H
110,Model_H
111,Model_H
112,Model_H
113,Model_H
114,Model_H
115,Model_H
116,Model_H
117,Model_H
118,Model_H
119,Model_H
120,Model_H
121,Model_H
122,Model_H
123,Model_H
124,Model_H
125,Model_H
126,Model_H
127,Model_H
128,Model_H
129,Model_H
130,Model_H
131,Model_H
132,Model_H
133,Model_H
134,Model_H
135,Model_H
136,Model_H
137,Model_H
138,Model_H
139,Model_H
140,Model_H
141,Model_H
142,Model_H
143,Model_H
144,Model_H
145,Model_H
146,Model_H
147,Model_H
148,Model_H
149,Model_H
150,Model_H
151,Model_H
152,Model_H
153,Model_H
154,Model_H
155,Model_H
156,Model_H
157,Model_H
158,Model_H
159,Model_H
160,Model_H
161,Model_H
162,Model_H
163,Model_H
164,Model_H
165,Model_H
166,Model_H
167,Model_H
168,Model_H
169,Model_H
170,Model_H
171,Model_H
172,Model_H
173,Model_H
174,Model_H
175,Model_H
176,Model_H
177,Model_H
178,Model_H
179,Model_H
180,Model_H
181,Model_H
182,Model_H
183,Model_H
184,Model_H
185,Model_H
186,Model_H
187,Model_H
188,Model_H
189,Model_H
190,Model_H
191,Model_H
192,Model_H
193,Model_H
194,Model_H
195,Model_H
196,Model_H
197,Model_H
198,Model_H
199,Model_H
200,Model_H
201,Model_H
202,Model_H
203,Model_H
204,Model_H
205,Model_H
206,Model_H
207,Model_H
208,Model_H
209,Model_H
210,Model_H
211,Model_H
212,Model_H
213,Model_H
214,Model_H
215,Model_H
216,Model_H
217,Model_H
218,Model_H
219,Model_H
220,Model_H
221,Model_H
222,Model_H
223,Model_H
224,Model_H
225,Model_H
226,Model_H
227,Model_H
228,Model_H
229,Model_H
230,Model_H
231,Model_H
232,Model_H
233,Model_H
234,Model_H
235,Model_H
236,Model_H
237,Model_H
238,Model_H
239,Model_H
240,Model_H
241,Model_H
242,Model_H
243,Model_H
244,Model_H
245,Model_H
246,Model_H
247,Model_H
248,Model_H
249,Model_H
250,Model_H
251,Model_H
252,Model_H
253,Model_H
254,Model_H
255,Model_H
256,Model_H
257,Model_H
258,Model_H
259,Model_H
260,Model_H
261,Model_H
262,Model_H
263,Model_H
264,Model_H
265,Model_H
266,Model_H
267,Model_H
268,Model_H
269,Model_H
270,Model_H
271,Model_H
272,Model_H
273,Model_H
274,Model_H
275,Model_H
276,Model_H
277,Model_H
278,Model_H
279,Model_H
280,Model_H
281,Model_H
282,Model_H
283,Model_H
284,Model_H
285,Model_H
286,Model_H
287,Model_H
288,Model_H
289,Model_H
290,Model_H
291,Model_H
292,Model_H
293,Model_H
294,Model_H
295,Model_H
296,Model_H
297,Model_H
298,Model_H
299,Model_H
300,Model_H
301,Model_H
302,Model_H
303,Model_H
304,Model_H
305,Model_H
306,Model_H
307,Model_H
308,Model_H
309,Model_H
310,Model_H
311,Model_H
312,Model_H
313,Model_H
314,Model_H
315,Model_H
316,Model_H
317,Model_H
318,Model_H
319,Model_H
320,Model_H
321,Model_H
322,Model_H
323,Model_H
324,Model_H
325,Model_H
326,Model_H
327,Model_H
328,Model_H
329,Model_H
330,Model_H
331,Model_H
332,Model_H
333,Model_H
334,Model_H
335,Model_H
336,Model_H
337,Model_H
338,Model_H
339,Model_H
340,Model_H
341,Model_H
342,Model_H
343,Model_H
344,Model_H
345,Model_H
346,Model_H
347,Model_H
348,Model_H
349,Model_H
350,Model_H
351,Model_H
352,Model_H
353,Model_H
354,Model_H
355,Model_H
356,Model_H
357,Model_H
358,Model_H
359,Model_H
360,Model_H
361,Model_H
362,Model_H
363,Model_H
364,Model_H
365,Model_H
366,Model_H
367,Model_H
368,Model_H
369,Model_H
370,Model_H
371,Model_H
372,Model_H
373,Model_H
374,Model_H
375,Model_H
376,Model_H
377,Model_H
378,Model_H
379,Model_H
380,Model_H
381,Model_H
382,Model_H
383,Model_H
384,Model_H
385,Model_H
386,Model_H
387,Model_H
388,Model_H
389,Model_H
390,Model_H
391,Model_H
392,Model_H
393,Model_H
394,Model_H
395,Model_H
396,Model_H
397,Model_H
398,Model_H
399,Model_H
400,Model_H
401,Model_H
402,Model_H
403,Model_H
404,Model_H
405,Model_H
406,Model_H
407,Model_H
408,Model_H
409,Model_H
410,Model_H
411,Model_H
412,Model_H
413,Model_H
414,Model_H
415,Model_H
416,Model_H
417,Model_H
418,Model_H
419,Model_H
420,Model_H
421,Model_H
422,Model_H
423,Model_H
424,Model_H
425,Model_H
426,Model_H
427,Model_H
428,Model_H
429,Model_H
430,Model_H
431,Model_H
432,Model_H
433,Model_H
434,Model_H
435,Model_H
436,Model_H
437,Model_H
438,Model_H
439,Model_H
440,Model_H
441,Model_H
442,Model_H
443,Model_H
444,Model_H
445,Model_H
446,Model_H
447,Model_H
448,Model_H
449,Model_H
450,Model_H
451,Model_H
452,Model_H
453,Model_H
454,Model_H
455,Model_H
456,Model_H
457,Model_H
458,Model_H
459,Model_H
460,Model_H
461,Model_H
462,Model_H
463,Model_H
464,Model_H
465,Model_H
466,Model_H
467,Model_H
468,Model_H
469,Model_H
470,Model_H
471,Model_H
472,Model_H
473,Model_H
474,Model_H
475,Model_H
476,Model_H
477,Model_H
478,Model_H
479,Model_H
480,Model_H
481,Model_H
482,Model_H
483,Model_H
484,Model_H
485,Model_H
486,Model_H
487,Model_H
488,Model_H
489,Model_H
490,Model_H
491,Model_H
492,Model_H
493,Model_H
494,Model_H
495,Model_H
496,Model_H
497,Model_H
498,Model_H
499,Model_H
500,Model_H
501,Model_H
502,Model_H
503,Model_H
504,Model_H
505,Model_H
506,Model_H
507,Model_H
508,Model_H
509,Model_H
510,Model_H
511,Model_H
512,Model_H
513,Model_H
514,Model_H
515,Model_H
516,Model_H
517,Model_H
518,Model_H
519,Model_H
520,Model_H
521,Model_H
522,Model_H
523,Model_H
524,Model_H
525,Model_H
526,Model_H
527,Model_H
528,Model_H
529,Model_H
530,Model_H
531,Model_H
532,Model_H
533,Model_H
534,Model_H
535,Model_H
536,Model_H
537,Model_H
538,Model_H
539,Model_H
540,Model_H
541,Model_H
542,Model_H
543,Model_H
544,Model_H
545,Model_H
546,Model_H
547,Model_H
548,Model_H
549,Model_H
550,Model_H
551,Model_H
552,Model_H
553,Model_H
554,Model_H
555,Model_H
556,Model_H
557,Model_H
558,Model_H
559,Model_H
560,Model_H
561,Model_H
562,Model_H
563,Model_H
564,Model_H
565,Model_H
566,Model_H
567,Model_H
568,Model_H
569,Model_H
570,Model_H
571,Model_H
572,Model_H
573,Model_H
574,Model_H
575,Model_H
576,Model_H
577,Model_H
578,Model_H
579,Model_H
580,Model_H
581,Model_H
582,Model_H
583,Model_H
584,Model_H
585,Model_H
586,Model_H
587,Model_H
588,Model_H
589,Model_H
590,Model_H
591,Model_H
592,Model_H
593,Model_H
594,Model_H
595,Model_H
596,Model_H
597,Model_H
598,Model_H
599,Model_H
600,Model_H
601,Model_H
602,Model_H
603,Model_H
604,Model_H
605,Model_H
606,Model_H
607,Model_H
608,Model_H
609,Model_H
610,Model_H
611,Model_H
612,Model_H
613,Model_H
614,Model_H
615,Model_H
616,Model_H
617,Model_H
618,Model_H
619,Model_H
620,Model_H
621,Model_H
622,Model_H
623,Model_H
624,Model_H
625,Model_H
626,Model_H
627,Model_H
628,Model_H
629,Model_H
630,Model_H
631,Model_H
632,Model_H
633,Model_H
634,Model_H
635,Model_H
636,Model_H
637,Model_H
638,Model_H
639,Model_H
640,Model_H
641,Model_H
642,Model_H
643,Model_H
644,Model_H
645,Model_H
646,Model_H
647,Model_H
648,Model_H
649,Model_H
650,Model_H
651,Model_H
652,Model_H
653,Model_H
654,Model_H
655,Model_H
656,Model_H
657,Model_H
658,Model_H
659,Model_H
660,Model_H
661,Model_H
662,Model_H
663,Model_H
664,Model_H
665,Model_H
666,Model_H
667,Model_H
668,Model_H
669,Model_H
670,Model_H
671,Model_H
672,Model_H
673,Model_H
674,Model_H
675,Model_H
676,Model_H
677,Model_H
678,Model_H
679,Model_H
680,Model_H
681,Model_H
682,Model_H
683,Model_H
684,Model_H
685,Model_H
686,Model_H
687,Model_H
688,Model_H
689,Model_H
690,Model_H
691,Model_H
692,Model_H
693,Model_H
694,Model_H
695,Model_H
696,Model_H
697,Model_H
698,Model_H
699,Model_H
700,Model_H
701,Model_H
702,Model_H
703,Model_H
704,Model_H
705,Model_H
706,Model_H
707,Model_H
708,Model_H
709,Model_H
710,Model_H
711,Model_H
712,Model_H
713,Model_H
714,Model_H
715,Model_H
716,Model_H
717,Model_H
718,Model_H
719,Model_H
720,Model_H
721,Model_H
722,Model_H
723,Model_H
724,Model_H
725,Model_H
726,Model_H
727,Model_H
728,Model_H
729,Model_H
730,Model_H
731,Model_H
732,Model_H
733,Model_H
734,Model_H
735,Model_H
736,Model_H
737,Model_H
738,Model_H
739,Model_H
740,Model_H
741,Model_H
742,Model_H
743,Model_H
744,Model_H
745,Model_H
746,Model_H
747,Model_H
748,Model_H
749,Model_H
750,Model_H
751,Model_H
752,Model_H
753,Model_H
754,Model_H
755,Model_H
756,Model_H
757,Model_H
758,Model_H
759,Model_H
760,Model_H
761,Model_H
762,Model_H
763,Model_H
764,Model_H
765,Model_H
766,Model_H
767,Model_H
768,Model_H
769,Model_H
770,Model_H
771,Model_H
772,Model_H
773,Model_H
774,Model_H
775,Model_H
776,Model_H
777,Model_H
778,Model_H
779,Model_H
780,Model_H
781,Model_H
782,Model_H
783,Model_H
784,Model_H
785,Model_H
786,Model_H
787,Model_H
788,Model_H
789,Model_H
790,Model_H
791,Model_H
792,Model_H
793,Model_H
794,Model_H
795,Model_H
796,Model_H
797,Model_H
798,Model_H
799,Model_H
800,Model_H
801,Model_H
802,Model_H
803,Model_H
804,Model_H
805,Model_H
806,Model_H
807,Model_H
808,Model_H
809,Model_H
810,Model_H
811,Model_H
812,Model_H
813,Model_H
814,Model_H
815,Model_H
816,Model_H
817,Model_H
818,Model_H
819,Model_H
820,Model_H
821,Model_H
822,Model_H
823,Model_H
824,Model_H
825,Model_H
826,Model_H
827,Model_H
828,Model_H
829,Model_H
830,Model_H
831,Model_H
832,Model_H
833,Model_H
834,Model_H
835,Model_H
836,Model_H
837,Model_H
838,Model_H
839,Model_H
840,Model_H
841,Model_H
842,Model_H
843,Model_H
844,Model_H
845,Model_H
846,Model_H
847,Model_H
848,Model_H
849,Model_H
850,Model_H
851,Model_H
852,Model_H
853,Model_H
854,Model_H
855,Model_H
856,Model_H
857,Model_H
858,Model_H
859,Model_H
860,Model_H
861,Model_H
862,Model_H
863,Model_H
864,Model_H
865,Model_H
866,Model_H
867,Model_H
868,Model_H
869,Model_H
870,Model_H
871,Model_H
872,Model_H
873,Model_H
874,Model_H
875,Model_H
876,Model_H
877,Model_H
878,Model_H
879,Model_H
880,Model_H
881,Model_H
882,Model_H
883,Model_H
884,Model_H
885,Model_H
886,Model_H
887,Model_H
888,Model_H
889,Model_H
890,Model_H
891,Model_H
892,Model_H
893,Model_H
894,Model_H
895,Model_H
896,Model_H
897,Model_H
898,Model_H
899,Model_H
900,Model_H
901,Model_H
902,Model_H
903,Model_H
904,Model_H
905,Model_H
906,Model_H
907,Model_H
908,Model_H
909,Model_H
910,Model_H
911,Model_H
912,Model_H
913,Model_H
914,Model_H
915,Model_H
916,Model_H
917,Model_H
918,Model_H
919,Model_H
920,Model_H
921,Model_H
922,Model_H
923,Model_H
924,Model_H
925,Model_H
926,Model_H
927,Model_H
928,Model_H
929,Model_H
930,Model_H
931,Model_H
932,Model_H
933,Model_H
934,Model_H
935,Model_H
936,Model_H
937,Model_H
938,Model_H
939,Model_H
940,Model_H
941,Model_H
942,Model_H
943,Model_H
944,Model_H
945,Model_H
946,Model_H
947,Model_H
948,Model_H
949,Model_H
950,Model_H
951,Model_H
952,Model_H
953,Model_H
954,Model_H
955,Model_H
956,Model_H
957,Model_H
958,Model_H
959,Model_H
960,Model_H
961,Model_H
962,Model_H
963,Model_H
964,Model_H
965,Model_H
966,Model_H
967,Model_H
968,Model_H
969,Model_H
970,Model_H
971,Model_H
972,Model_H
973,Model_H
974,Model_H
975,Model_H
976,Model_H
977,Model_H
978,Model_H
979,Model_H
980,Model_H
981,Model_H
982,Model_H
983,Model_H
984,Model_H
985,Model_H
986,Model_H
987,Model_H
988,Model_H
989,Model_H
990,Model_H
991,Model_H
992,Model_H
993,Model_H
994,Model_H
995,Model_H
996,Model_H
997,Model_H
998,Model_H
999,Model_H
1000,Model_H
1001,Model_H
1002,Model_H
1003,Model_H
1004,Model_H
1005,Model_H
1006,Model_H
1007,Model_H
1008,Model_H
1009,Model_H
1010,Model_H
1011,Model_H
1012,Model_H
1013,Model_H
1014,Model_H
1015,Model_H
1016,Model_H
1017,Model_H
1018,Model_H
1019,Model_H
1020,Model_H
1021,Model_H
1022,Model_H
1023,Model_H
1024,Model_H
1025,Model_H
1026,Model_H
1027,Model_H
1028,Model_H
1029,Model_H
1030,Model_H
1031,Model_H
1032,Model_H
1033,Model_H
1034,Model_H
1035,Model_H
1036,Model_H
1037,Model_H
1038,Model_H
1039,Model_H
1040,Model_H
1041,Model_H
1042,Model_H
1043,Model_H
1044,Model_H
1045,Model_H
1046,Model_H
1047,Model_H
1048,Model_H
1049,Model_H
1050,Model_H
1051,Model_H
1052,Model_H
1053,Model_H
1054,Model_H
1055,Model_H
1056,Model_H
1057,Model_H
1058,Model_H
1059,Model_H
1060,Model_H
1061,Model_H
1062,Model_H
1063,Model_H
1064,Model_H
1065,Model_H
1066,Model_H
1067,Model_H
1068,Model_H
1069,Model_H
1070,Model_H
1071,Model_H
1072,Model_H
1073,Model_H
1074,Model_H
1075,Model_H
1076,Model_H
1077,Model_H
1078,Model_H
1079,Model_H
1080,Model_H
1081,Model_H
1082,Model_H
1083,Model_H
1084,Model_H
1085,Model_H
1086,Model_H
1087,Model_H
1088,Model_H
1089,Model_H
1090,Model_H
1091,Model_H
1092,Model_H
1093,Model_H
1094,Model_H
1095,Model_H
1096,Model_H
1097,Model_H
1098,Model_H
1099,Model_H
1100,Model_H
1101,Model_H
1102,Model_H
1103,Model_H
1104,Model_H
1105,Model_H
1106,Model_H
1107,Model_H
1108,Model_H
1109,Model_H
1110,Model_H
1111,Model_H
1112,Model_H
1113,Model_H
1114,Model_H
1115,Model_H
1116,Model_H
1117,Model_H
1118,Model_H
1119,Model_H
1120,Model_H
1121,Model_H
1122,Model_H
1123,Model_H
1124,Model_H
1125,Model_H
1126,Model_H
1127,Model_H
1128,Model_H
1129,Model_H
1130,Model_H
1131,Model_H
1132,Model_H
1133,Model_H
1134,Model_H
1135,Model_H
1136,Model_H
1137,Model_H
1138,Model_H
1139,Model_H
1140,Model_H
1141,Model_H
1142,Model_H
1143,Model_H
1144,Model_H
1145,Model_H
1146,Model_H
1147,Model_H
1148,Model_H
1149,Model_H
1150,Model_H
1151,Model_H
1152,Model_H
1153,Model_H
1154,Model_H
1155,Model_H
1156,Model_H
1157,Model_H
1158,Model_H
1159,Model_H
1160,Model_H
1161,Model_H
1162,Model_H
1163,Model_H
1164,Model_H
1165,Model_H
1166,Model_H
1167,Model_H
1168,Model_H
1169,Model_H
1170,Model_H
1171,Model_H
1172,Model_H
1173,Model_H
1174,Model_H
1175,Model_H
1176,Model_H
1177,Model_H
1178,Model_H
1179,Model_H
1180,Model_H
1181,Model_H
1182,Model_H
1183,Model_H
1184,Model_H
1185,Model_H
1186,Model_H
1187,Model_H
1188,Model_H
1189,Model_H
1190,Model_H
1191,Model_H
1192,Model_H
1193,Model_H
1194,Model_H
1195,Model_H
1196,Model_H
1197,Model_H
1198,Model_H
1199,Model_H
1200,Model_H
1201,Model_H
1202,Model_H
1203,Model_H
1204,Model_H
1205,Model_H
1206,Model_H
1207,Model_H
1208,Model_H
1209,Model_H
1210,Model_H
1211,Model_H
1212,Model_H
1213,Model_H
1214,Model_H
1215,Model_H
1216,Model_H
1217,Model_H
1218,Model_H
1219,Model_H
1220,Model_H
1221,Model_H
1222,Model_H
1223,Model_H
1224,Model_H
1225,Model_H
1226,Model_H
1227,Model_H
1228,Model_H
1229,Model_H
1230,Model_H
1231,Model_H
1232,Model_H
1233,Model_H
1234,Model_H
1235,Model_H
1236,Model_H
1237,Model_H
1238,Model_H
1239,Model_H
1240,Model_H
1241,Model_H
1242,Model_H
1243,Model_H
1244,Model_H
1245,Model_H
1246,Model_H
1247,Model_H
1248,Model_H
1249,Model_H
1250,Model_H
1251,Model_H
1252,Model_H
1253,Model_H
1254,Model_H
1255,Model_H
1256,Model_H
1257,Model_H
1258,Model_H
1259,Model_H
1260,Model_H
1261,Model_H
1262,Model_H
1263,Model_H
1264,Model_H
1265,Model_H
1266,Model_H
1267,Model_H
1268,Model_H
1269,Model_H
1270,Model_H
1271,Model_H
1272,Model_H
1273,Model_H
1274,Model_H
1275,Model_H
1276,Model_H
1277,Model_H
1278,Model_H
1279,Model_H
1280,Model_H
1281,Model_H
1282,Model_H
1283,Model_H
1284,Model_H
1285,Model_H
1286,Model_H
1287,Model_H
1288,Model_H
1289,Model_H
1290,Model_H
1291,Model_H
1292,Model_H
1293,Model_H
1294,Model_H
1295,Model_H
1296,Model_H
1297,Model_H
1298,Model_H
1299,Model_H
1300,Model_H
1301,Model_H
1302,Model_H
1303,Model_H
1304,Model_H
1305,Model_H
1306,Model_H
1307,Model_H
1308,Model_H
1309,Model_H
1310,Model_H
1311,Model_H
1312,Model_H
1313,Model_H
1314,Model_H
1315,Model_H
1316,Model_H
1317,Model_H
1318,Model_H
1319,Model_H
1320,Model_H
1321,Model_H
1322,Model_H
1323,Model_H
1324,Model_H
1325,Model_H
1326,Model_H
1327,Model_H
1328,Model_H
1329,Model_H
1330,Model_H
1331,Model_H
1332,Model_H
1333,Model_H
1334,Model_H
1335,Model_H
1336,Model_H
1337,Model_H
1338,Model_H
1339,Model_H
1340,Model_H
1341,Model_H
1342,Model_H
1343,Model_H
1344,Model_H
1345,Model_H
1346,Model_H
1347,Model_H
1348,Model_H
1349,Model_H
1350,Model_H
1351,Model_H
1352,Model_H
1353,Model_H
1354,Model_H
1355,Model_H
1356,Model_H
1357,Model_H
1358,Model_H
1359,Model_H
1360,Model_H
1361,Model_H
1362,Model_H
1363,Model_H
1364,Model_H
1365,Model_H
1366,Model_H
1367,Model_H
1368,Model_H
1369,Model_H
1370,Model_H
1371,Model_H
1372,Model_H
1373,Model_H
1374,Model_H
1375,Model_H
1376,Model_H
1377,Model_H
1378,Model_H
1379,Model_H
1380,Model_H
1381,Model_H
1382,Model_H
1383,Model_H
1384,Model_H
1385,Model_H
1386,Model_H
1387,Model_H
1388,Model_H
1389,Model_H
1390,Model_H
1391,Model_H
1392,Model_H
1393,Model_H
1394,Model_H
1395,Model_H
1396,Model_H
1397,Model_H
1398,Model_H
1399,Model_H
1400,Model_H
1401,Model_H
1402,Model_H
1403,Model_H
1404,Model_H
1405,Model_H
1406,Model_H
1407,Model_H
1408,Model_H
1409,Model_H
1410,Model_H
1411,Model_H
1412,Model_H
1413,Model_H
1414,Model_H
1415,Model_H
1416,Model_H
1417,Model_H
1418,Model_H
1419,Model_H
1420,Model_H
1421,Model_H
1422,Model_H
1423,Model_H
1424,Model_H
1425,Model_H
1426,Model_H
1427,Model_H
1428,Model_H
1429,Model_H
1430,Model_H
1431,Model_H
1432,Model_H
1433,Model_H
1434,Model_H
1435,Model_H
1436,Model_H
1437,Model_H
1438,Model_H
1439,Model_H
1440,Model_H
1441,Model_H
1442,Model_H
1443,Model_H
1444,Model_H
1445,Model_H
1446,Model_H
1447,Model_H
1448,Model_H
1449,Model_H
1450,Model_H
1451,Model_H
1452,Model_H
1453,Model_H
1454,Model_H
1455,Model_H
1456,Model_H
1457,Model_H
1458,Model_H
1459,Model_H
1460,Model_H
1461,Model_H
1462,Model_H
1463,Model_H
1464,Model_H
1465,Model_H
1466,Model_H
1467,Model_H
1468,Model_H
1469,Model_H
1470,Model_H
1471,Model_H
1472,Model_H
1473,Model_H
1474,Model_H
1475,Model_H
1476,Model_H
1477,Model_H
1478,Model_H
1479,Model_H
1480,Model_H
1481,Model_H
1482,Model_H
1483,Model_H
1484,Model_H
1485,Model_H
1486,Model_H
1487,Model_H
1488,Model_H
1489,Model_H
1490,Model_H
1491,Model_H
1492,Model_H
1493,Model_H
1494,Model_H
1495,Model_H
1496,Model_H
1497,Model_H
1498,Model_H
1499,Model_H
1500,Model_H
1501,Model_H
1502,Model_H
1503,Model_H
1504,Model_H
1505,Model_H
1506,Model_H
1507,Model_H
1508,Model_H
1509,Model_H
1510,Model_H
1511,Model_H
1512,Model_H
1513,Model_H
1514,Model_H
1515,Model_H
1516,Model_H
1517,Model_H
1518,Model_H
1519,Model_H
1520,Model_H
1521,Model_H
1522,Model_H
1523,Model_H
1524,Model_H
1525,Model_H
1526,Model_H
1527,Model_H
1528,Model_H
1529,Model_H
1530,Model_H
1531,Model_H
1532,Model_H
1533,Model_H
1534,Model_H
1535,Model_H
1536,Model_H
1537,Model_H
1538,Model_H
1539,Model_H
1540,Model_H
1541,Model_H
1542,Model_H
1543,Model_H
1544,Model_H
1545,Model_H
1546,Model_H
1547,Model_H
1548,Model_H
1549,Model_H
1550,Model_H
1551,Model_H
1552,Model_H
1553,Model_H
1554,Model_H
1555,Model_H
1556,Model_H
1557,Model_H
1558,Model_H
1559,Model_H
1560,Model_H
1561,Model_H
1562,Model_H
1563,Model_H
1564,Model_H
1565,Model_H
1566,Model_H
1567,Model_H
1568,Model_H
1569,Model_H
1570,Model_H
1571,Model_H
1572,Model_H
1573,Model_H
1574,Model_H
1575,Model_H
1576,Model_H
1577,Model_H
1578,Model_H
1579,Model_H
1580,Model_H
1581,Model_H
1582,Model_H
1583,Model_H
1584,Model_H
1585,Model_H
1586,Model_H
1587,Model_H
1588,Model_H
1589,Model_H
1590,Model_H
1591,Model_H
1592,Model_H
1593,Model_H
1594,Model_H
1595,Model_H
1596,Model_H
1597,Model_H
1598,Model_H
1599,Model_H
1600,Model_H
1601,Model_H
1602,Model_H
1603,Model_H
1604,Model_H
1605,Model_H
1606,Model_H
1607,Model_H
1608,Model_H
1609,Model_H
1610,Model_H
1611,Model_H
1612,Model_H
1613,Model_H
1614,Model_H
1615,Model_H
1616,Model_H
1617,Model_H
1618,Model_H
1619,Model_H
1620,Model_H
1621,Model_H
1622,Model_H
1623,Model_H
1624,Model_H
1625,Model_H
1626,Model_H
1627,Model_H
1628,Model_H
1629,Model_H
1630,Model_H
1631,Model_H
1632,Model_H
1633,Model_H
1634,Model_H
1635,Model_H
1636,Model_H
1637,Model_H
1638,Model_H
1639,Model_H
1640,Model_H
1641,Model_H
1642,Model_H
1643,Model_H
1644,Model_H
1645,Model_H
1646,Model_H
1647,Model_H
1648,Model_H
1649,Model_H
1650,Model_H
1651,Model_H
1652,Model_H
1653,Model_H
1654,Model_H
1655,Model_H
1656,Model_H
1657,Model_H
1658,Model_H
1659,Model_H
1660,Model_H
1661,Model_H
1662,Model_H
1663,Model_H
1664,Model_H
1665,Model_H
1666,Model_H
1667,Model_H
1668,Model_H
1669,Model_H
1670,Model_H
1671,Model_H
1672,Model_H
1673,Model_H
1674,Model_H
1675,Model_H
1676,Model_H
1677,Model_H
1678,Model_H
1679,Model_H
1680,Model_H
1681,Model_H
1682,Model_H
1683,Model_H
1684,Model_H
1685,Model_H
1686,Model_H
1687,Model_H
1688,Model_H
1689,Model_H
1690,Model_H
1691,Model_H
1692,Model_H
1693,Model_H
1694,Model_H
1695,Model_H
1696,Model_H
1697,Model_H
1698,Model_H
1699,Model_H
1700,Model_H
1701,Model_H
1702,Model_H
1703,Model_H
1704,Model_H
1705,Model_H
1706,Model_H
1707,Model_H
1708,Model_H
1709,Model_H
1710,Model_H
1711,Model_H
1712,Model_H
1713,Model_H
1714,Model_H
1715,Model_H
1716,Model_H
1717,Model_H
1718,Model_H
1719,Model_H
1720,Model_H
1721,Model_H
1722,Model_H
1723,Model_H
1724,Model_H
1725,Model_H
1726,Model_H
1727,Model_H
1728,Model_H
1729,Model_H
1730,Model_H
1731,Model_H
1732,Model_H
1733,Model_H
1734,Model_H
1735,Model_H
1736,Model_H
1737,Model_H
1738,Model_H
1739,Model_H
1740,Model_H
1741,Model_H
1742,Model_H
1743,Model_H
1744,Model_H
1745,Model_H
1746,Model_H
1747,Model_H
1748,Model_H
1749,Model_H
1750,Model_H
1751,Model_H
1752,Model_H
1753,Model_H
1754,Model_H
1755,Model_H
1756,Model_H
1757,Model_H
1758,Model_H
1759,Model_H
1760,Model_H
1761,Model_H
1762,Model_H
1763,Model_H
1764,Model_H
1765,Model_H
1766,Model_H
1767,Model_H
1768,Model_H
1769,Model_H
1770,Model_H
1771,Model_H
1772,Model_H
1773,Model_H
1774,Model_H
1775,Model_H
1776,Model_H
1777,Model_H
1778,Model_H
1779,Model_H
1780,Model_H
1781,Model_H
1782,Model_H
1783,Model_H
1784,Model_H
1785,Model_H
1786,Model_H
1787,Model_H
1788,Model_H
1789,Model_H
1790,Model_H
1791,Model_H
1792,Model_H
1793,Model_H
1794,Model_H
1795,Model_H
1796,Model_H
1797,Model_H
1798,Model_H
1799,Model_H
1800,Model_H
1801,Model_H
1802,Model_H
1803,Model_H
1804,Model_H
1805,Model_H
1806,Model_H
1807,Model_H
1808,Model_H
1809,Model_H
1810,Model_H
1811,Model_H
1812,Model_H
1813,Model_H
1814,Model_H
1815,Model_H
1816,Model_H
1817,Model_H
1818,Model_H
1819,Model_H
1820,Model_H
1821,Model_H
1822,Model_H
1823,Model_H
1824,Model_H
1825,Model_H
1826,Model_H
1827,Model_H
1828,Model_H
1829,Model_H
1830,Model_H
1831,Model_H
1832,Model_H
1833,Model_H
1834,Model_H
1835,Model_H
1836,Model_H
1837,Model_H
1838,Model_H
1839,Model_H
1840,Model_H
1841,Model_H
1842,Model_H
1843,Model_H
1844,Model_H
1845,Model_H
1846,Model_H
1847,Model_H
1848,Model_H
1849,Model_H
1850,Model_H
1851,Model_H
1852,Model_H
1853,Model_H
1854,Model_H
1855,Model_H
1856,Model_H
1857,Model_H
1858,Model_H
1859,Model_H
1860,Model_H
1861,Model_H
1862,Model_H
1863,Model_H
1864,Model_H
1865,Model_H
1866,Model_H
1867,Model_H
1868,Model_H
1869,Model_H
1870,Model_H
1871,Model_H
1872,Model_H
1873,Model_H
1874,Model_H
1875,Model_H
1876,Model_H
1877,Model_H
1878,Model_H
1879,Model_H
1880,Model_H
1881,Model_H
1882,Model_H
1883,Model_H
1884,Model_H
1885,Model_H
1886,Model_H
1887,Model_H
1888,Model_H
1889,Model_H
1890,Model_H
1891,Model_H
1892,Model_H
1893,Model_H
1894,Model_H
1895,Model_H
1896,Model_H
1897,Model_H
1898,Model_H
1899,Model_H
1900,Model_H
1901,Model_H
1902,Model_H
1903,Model_H
1904,Model_H
1905,Model_H
1906,Model_H
1907,Model_H
1908,Model_H
1909,Model_H
1910,Model_H
1911,Model_H
1912,Model_H
1913,Model_H
1914,Model_H
1915,Model_H
1916,Model_H
1917,Model_H
1918,Model_H
1919,Model_H
1920,Model_H
1921,Model_H
1922,Model_H
1923,Model_H
1924,Model_H
1925,Model_H
1926,Model_H
1927,Model_H
1928,Model_H
1929,Model_H
1930,Model_H
1931,Model_H
1932,Model_H
1933,Model_H
1934,Model_H
1935,Model_H
1936,Model_H
1937,Model_H
1938,Model_H
1939,Model_H
1940,Model_H
1941,Model_H
1942,Model_H
1943,Model_H
1944,Model_H
1945,Model_H
1946,Model_H
1947,Model_H
1948,Model_H
1949,Model_H
1950,Model_H
1951,Model_H
1952,Model_H
1953,Model_H
1954,Model_H
1955,Model_H
1956,Model_H
1957,Model_H
1958,Model_H
1959,Model_H
1960,Model_H
1961,Model_H
1962,Model_H
1963,Model_H
1964,Model_H
1965,Model_H
1966,Model_H
1967,Model_H
1968,Model_H
1969,Model_H
1970,Model_H
1971,Model_H
1972,Model_H
1973,Model_H
1974,Model_H
1975,Model_H
1976,Model_H
1977,Model_H
1978,Model_H
1979,Model_H
1980,Model_H
1981,Model_H
1982,Model_H
1983,Model_H
1984,Model_H
1985,Model_H
1986,Model_H
1987,Model_H
1988,Model_H
1989,Model_H
1990,Model_H
1991,Model_H
1992,Model_H
1993,Model_H
1994,Model_H
1995,Model_H
1996,Model_H
1997,Model_H
1998,Model_H
1999,Model_H
2000,Model_H
2001,Model_H
2002,Model_H
2003,Model_H
2004,Model_H
2005,Model_H
2006,Model_H
2007,Model_H
2008,Model_H
2009,Model_H
2010,Model_H
2011,Model_H
2012,Model_H
2013,Model_H
2014,Model_H
2015,Model_H
2016,Model_H
2017,Model_H
2018,Model_H
2019,Model_H
2020,Model_H
2021,Model_H
2022,Model_H
2023,Model_H
2024,Model_H
2025,Model_H
2026,Model_H
2027,Model_H
2028,Model_H
2029,Model_H
2030,Model_H
2031,Model_H
2032,Model_H
2033,Model_H
2034,Model_H
2035,Model_H
2036,Model_H
2037,Model_H
2038,Model_H
2039,Model_H
2040,Model_H
2041,Model_H
2042,Model_H
2043,Model_H
2044,Model_H
2045,Model_H
2046,Model_H
2047,Model_H
2048,Model_H
2049,Model_H
2050,Model_H
2051,Model_H
2052,Model_H
2053,Model_H
2054,Model_H
2055,Model_H
2056,Model_H
2057,Model_H
2058,Model_H
2059,Model_H
2060,Model_H
2061,Model_H
2062,Model_H
2063,Model_H
2064,Model_H
2065,Model_H
2066,Model_H
2067,Model_H
2068,Model_H
2069,Model_H
2070,Model_H
2071,Model_H
2072,Model_H
2073,Model_H
2074,Model_H
2075,Model_H
2076,Model_H
2077,Model_H
2078,Model_H
2079,Model_H
2080,Model_H
2081,Model_H
2082,Model_H
2083,Model_H
2084,Model_H
2085,Model_H
2086,Model_H
2087,Model_H
2088,Model_H
2089,Model_H
2090,Model_H
2091,Model_H
2092,Model_H
2093,Model_H
2094,Model_H
2095,Model_H
2096,Model_H
2097,Model_H
2098,Model_H
2099,Model_H
2100,Model_H
2101,Model_H
2102,Model_H
2103,Model_H
2104,Model_H
2105,Model_H
2106,Model_H
2107,Model_H
2108,Model_H
2109,Model_H
2110,Model_H
2111,Model_H
2112,Model_H
2113,Model_H
2114,Model_H
2115,Model_H
2116,Model_H
2117,Model_H
2118,Model_H
2119,Model_H
2120,Model_H
2121,Model_H
2122,Model_H
2123,Model_H
2124,Model_H
2125,Model_H
2126,Model_H
2127,Model_H
2128,Model_H
2129,Model_H
2130,Model_H
2131,Model_H
2132,Model_H
2133,Model_H
2134,Model_H
2135,Model_H
2136,Model_H
2137,Model_H
2138,Model_H
2139,Model_H
2140,Model_H
2141,Model_H
2142,Model_H
2143,Model_H
2144,Model_H
2145,Model_H
2146,Model_H
2147,Model_H
2148,Model_H
2149,Model_H
2150,Model_H
2151,Model_H
2152,Model_H
2153,Model_H
2154,Model_H
2155,Model_H
2156,Model_H
2157,Model_H
2158,Model_H
2159,Model_H
2160,Model_H
2161,Model_H
2162,Model_H
2163,Model_H
2164,Model_H
2165,Model_H
2166,Model_H
2167,Model_H
2168,Model_H
2169,Model_H
2170,Model_H
2171,Model_H
2172,Model_H
2173,Model_H
2174,Model_H
2175,Model_H
2176,Model_H
2177,Model_H
2178,Model_H
2179,Model_H
2180,Model_H
2181,Model_H
2182,Model_H
2183,Model_H
2184,Model_H
2185,Model_H
2186,Model_H
2187,Model_H
2188,Model_H
2189,Model_H
2190,Model_H
2191,Model_H
2192,Model_H
2193,Model_H
2194,Model_H
2195,Model_H
2196,Model_H
2197,Model_H
2198,Model_H
2199,Model_H
2200,Model_H
2201,Model_H
2202,Model_H
2203,Model_H
2204,Model_H
2205,Model_H
2206,Model_H
2207,Model_H
2208,Model_H
2209,Model_H
2210,Model_H
2211,Model_H
2212,Model_H
2213,Model_H
2214,Model_H
2215,Model_H
2216,Model_H
2217,Model_H
2218,Model_H
2219,Model_H
2220,Model_H
2221,Model_H
2222,Model_H
2223,Model_H
2224,Model_H
2225,Model_H
2226,Model_H
2227,Model_H
2228,Model_H
2229,Model_H
2230,Model_H
2231,Model_H
2232,Model_H
2233,Model_H
2234,Model_H
2235,Model_H
2236,Model_H
2237,Model_H
2238,Model_H
2239,Model_H
2240,Model_H
2241,Model_H
2242,Model_H
2243,Model_H
2244,Model_H
2245,Model_H
2246,Model_H
2247,Model_H
2248,Model_H
2249,Model_H
2250,Model_H
2251,Model_H
2252,Model_H
2253,Model_H
2254,Model_H
2255,Model_H
2256,Model_H
2257,Model_H
2258,Model_H
2259,Model_H
2260,Model_H
2261,Model_H
2262,Model_H
2263,Model_H
2264,Model_H
2265,Model_H
2266,Model_H
2267,Model_H
2268,Model_H
2269,Model_H
2270,Model_H
2271,Model_H
2272,Model_H
2273,Model_H
2274,Model_H
2275,Model_H
2276,Model_H
2277,Model_H
2278,Model_H
2279,Model_H
2280,Model_H
2281,Model_H
2282,Model_H
2283,Model_H
2284,Model_H
2285,Model_H
2286,Model_H
2287,Model_H
2288,Model_H
2289,Model_H
2290,Model_H
2291,Model_H
2292,Model_H
2293,Model_H
2294,Model_H
2295,Model_H
2296,Model_H
2297,Model_H
2298,Model_H
2299,Model_H
2300,Model_H
2301,Model_H
2302,Model_H
2303,Model_H
2304,Model_H
2305,Model_H
2306,Model_H
2307,Model_H
2308,Model_H
2309,Model_H
2310,Model_H
2311,Model_H
2312,Model_H
2313,Model_H
2314,Model_H
2315,Model_H
2316,Model_H
2317,Model_H
2318,Model_H
2319,Model_H
2320,Model_H
2321,Model_H
2322,Model_H
2323,Model_H
2324,Model_H
2325,Model_H
2326,Model_H
2327,Model_H
2328,Model_H
2329,Model_H
2330,Model_H
2331,Model_H
2332,Model_H
2333,Model_H
2334,Model_H
2335,Model_H
2336,Model_H
2337,Model_H
2338,Model_H
2339,Model_H
2340,Model_H
2341,Model_H
2342,Model_H
2343,Model_H
2344,Model_H
2345,Model_H
2346,Model_H
2347,Model_H
2348,Model_H
2349,Model_H
2350,Model_H
2351,Model_H
2352,Model_H
2353,Model_H
2354,Model_H
2355,Model_H
2356,Model_H
2357,Model_H
2358,Model_H
2359,Model_H
2360,Model_H
2361,Model_H
2362,Model_H
2363,Model_H
2364,Model_H
2365,Model_H
2366,Model_H
2367,Model_H
2368,Model_H
2369,Model_H
2370,Model_H
2371,Model_H
2372,Model_H
2373,Model_H
2374,Model_H
2375,Model_H
2376,Model_H
2377,Model_H
2378,Model_H
2379,Model_H
2380,Model_H
2381,Model_H
2382,Model_H
2383,Model_H
2384,Model_H
2385,Model_H
2386,Model_H
2387,Model_H
2388,Model_H
2389,Model_H
2390,Model_H
2391,Model_H
2392,Model_H
2393,Model_H
2394,Model_H
2395,Model_H
2396,Model_H
2397,Model_H
2398,Model_H
2399,Model_H
2400,Model_H
2401,Model_H
2402,Model_H
2403,Model_H
2404,Model_H
2405,Model_H
2406,Model_H
2407,Model_H
2408,Model_H
2409,Model_H
2410,Model_H
2411,Model_H
2412,Model_H
2413,Model_H
2414,Model_H
2415,Model_H
2416,Model_H
2417,Model_H
2418,Model_H
2419,Model_H
2420,Model_H
2421,Model_H
2422,Model_H
2423,Model_H
2424,Model_H
2425,Model_H
2426,Model_H
2427,Model_H
2428,Model_H
2429,Model_H
2430,Model_H
2431,Model_H
2432,Model_H
2433,Model_H
2434,Model_H
2435,Model_H
2436,Model_H
2437,Model_H
2438,Model_H
2439,Model_H
2440,Model_H
2441,Model_H
2442,Model_H
2443,Model_H
2444,Model_H
2445,Model_H
2446,Model_H
2447,Model_H
2448,Model_H
2449,Model_H
2450,Model_H
2451,Model_H
2452,Model_H
2453,Model_H
2454,Model_H
2455,Model_H
2456,Model_H
2457,Model_H
2458,Model_H
2459,Model_H
2460,Model_H
2461,Model_H
2462,Model_H
2463,Model_H
2464,Model_H
2465,Model_H
2466,Model_H
2467,Model_H
2468,Model_H
2469,Model_H
2470,Model_H
2471,Model_H
2472,Model_H
2473,Model_H
2474,Model_H
2475,Model_H
2476,Model_H
2477,Model_H
2478,Model_H
2479,Model_H
2480,Model_H
2481,Model_H
2482,Model_H
2483,Model_H
2484,Model_H
2485,Model_H
2486,Model_H
2487,Model_H
2488,Model_H
2489,Model_H
2490,Model_H
2491,Model_H
2492,Model_H
2493,Model_H
2494,Model_H
2495,Model_H
2496,Model_H
2497,Model_H
2498,Model_H
2499,Model_H
2500,Model_H
2501,Model_H
2502,Model_H
2503,Model_H
2504,Model_H
2505,Model_H
2506,Model_H
2507,Model_H
2508,Model_H
2509,Model_H
2510,Model_H
2511,Model_H
2512,Model_H
2513,Model_H
2514,Model_H
2515,Model_H
2516,Model_H
2517,Model_H
2518,Model_H
2519,Model_H
2520,Model_H
2521,Model_H
2522,Model_H
2523,Model_H
2524,Model_H
2525,Model_H
2526,Model_H
2527,Model_H
2528,Model_H
2529,Model_H
2530,Model_H
2531,Model_H
2532,Model_H
2533,Model_H
2534,Model_H
2535,Model_H
2536,Model_H
2537,Model_H
2538,Model_H
2539,Model_H
2540,Model_H
2541,Model_H
2542,Model_H
2543,Model_H
2544,Model_H
2545,Model_H
2546,Model_H
2547,Model_H
2548,Model_H
2549,Model_H
2550,Model_H
