ID,pred_model
1,Model_A
2,Model_A
3,Model_A
4,Model_A
5,Model_A
6,Model_A
7,Model_A
8,Model_A
9,Model_A
10,Model_A
11,Model_A
12,Model_A
13,Model_A
14,Model_A
15,Model_A
16,Model_A
17,Model_A
18,Model_A
19,Model_A
20,Model_A
21,Model_A
22,Model_A
23,Model_A
24,Model_A
25,Model_A
26,Model_A
27,Model_A
28,Model_A
29,Model_A
30,Model_A
31,Model_A
32,Model_A
33,Model_A
34,Model_A
35,Model_A
36,Model_A
37,Model_A
38,Model_A
39,Model_A
40,Model_A
41,Model_A
42,Model_A
43,Model_A
44,Model_A
45,Model_A
46,Model_A
47,Model_A
48,Model_A
49,Model_A
50,Model_A
51,Model_A
52,Model_A
53,Model_A
54,Model_A
55,Model_A
56,Model_A
57,Model_A
58,Model_A
59,Model_A
60,Model_A
61,Model_A
62,Model_A
63,Model_A
64,Model_A
65,Model_A
66,Model_A
67,Model_A
68,Model_A
69,Model_A
70,Model_A
71,Model_A
72,Model_A
73,Model_A
74,Model_A
75,Model_A
76,Model_A
77,Model_A
78,Model_A
79,Model_A
80,Model_A
81,Model_A
82,Model_A
83,Model_A
84,Model_A
85,Model_A
86,Model_A
87,Model_A
88,Model_A
89,Model_A
90,Model_A
91,Model_A
92,Model_A
93,Model_A
94,Model_A
95,Model_A
96,Model_A
97,Model_A
98,Model_A
99,Model_A
100,Model_A
101,Model_A
102,Model_A
103,Model_A
104,Model_A
105,Model_A
106,Model_A
107,Model_A
108,Model_A
109,Model_A
110,Model_A
111,Model_A
112,Model_A
113,Model_A
114,Model_A
115,Model_A
116,Model_A
117,Model_A
118,Model_A
119,Model_A
120,Model_A
121,Model_A
122,Model_A
123,Model_A
124,Model_A
125,Model_A
126,Model_A
127,Model_A
128,Model_A
129,Model_A
130,Model_A
131,Model_A
132,Model_A
133,Model_A
134,Model_A
135,Model_A
136,Model_A
137,Model_A
138,Model_A
139,Model_A
140,Model_A
141,Model_A
142,Model_A
143,Model_A
144,Model_A
145,Model_A
146,Model_A
147,Model_A
148,Model_A
149,Model_A
150,Model_A
151,Model_A
152,Model_A
153,Model_A
154,Model_A
155,Model_A
156,Model_A
157,Model_A
158,Model_A
159,Model_A
160,Model_A
161,Model_A
162,Model_A
163,Model_A
164,Model_A
165,Model_A
166,Model_A
167,Model_A
168,Model_A
169,Model_A
170,Model_A
171,Model_A
172,Model_A
173,Model_A
174,Model_A
175,Model_A
176,Model_A
177,Model_A
178,Model_A
179,Model_A
180,Model_A
181,Model_A
182,Model_A
183,Model_A
184,Model_A
185,Model_A
186,Model_A
187,Model_A
188,Model_A
189,Model_A
190,Model_A
191,Model_A
192,Model_A
193,Model_A
194,Model_A
195,Model_A
196,Model_A
197,Model_A
198,Model_A
199,Model_A
200,Model_A
201,Model_A
202,Model_A
203,Model_A
204,Model_A
205,Model_A
206,Model_A
207,Model_A
208,Model_A
209,Model_A
210,Model_A
211,Model_A
212,Model_A
213,Model_A
214,Model_A
215,Model_A
216,Model_A
217,Model_A
218,Model_A
219,Model_A
220,Model_A
221,Model_A
222,Model_A
223,Model_A
224,Model_A
225,Model_A
226,Model_A
227,Model_A
228,Model_A
229,Model_A
230,Model_A
231,Model_A
232,Model_A
233,Model_A
234,Model_A
235,Model_A
236,Model_A
237,Model_A
238,Model_A
239,Model_A
240,Model_A
241,Model_A
242,Model_A
243,Model_A
244,Model_A
245,Model_A
246,Model_A
247,Model_A
248,Model_A
249,Model_A
250,Model_A
251,Model_A
252,Model_A
253,Model_A
254,Model_A
255,Model_A
256,Model_A
257,Model_A
258,Model_A
259,Model_A
260,Model_A
261,Model_A
262,Model_A
263,Model_A
264,Model_A
265,Model_A
266,Model_A
267,Model_A
268,Model_A
269,Model_A
270,Model_A
271,Model_A
272,Model_A
273,Model_A
274,Model_A
275,Model_A
276,Model_A
277,Model_A
278,Model_A
279,Model_A
280,Model_A
281,Model_A
282,Model_A
283,Model_A
284,Model_A
285,Model_A
286,Model_A
287,Model_A
288,Model_A
289,Model_A
290,Model_A
291,Model_A
292,Model_A
293,Model_A
294,Model_A
295,Model_A
296,Model_A
297,Model_A
298,Model_A
299,Model_A
300,Model_A
301,Model_A
302,Model_A
303,Model_A
304,Model_A
305,Model_A
306,Model_A
307,Model_A
308,Model_A
309,Model_A
310,Model_A
311,Model_A
312,Model_A
313,Model_A
314,Model_A
315,Model_A
316,Model_A
317,Model_A
318,Model_A
319,Model_A
320,Model_A
321,Model_A
322,Model_A
323,Model_A
324,Model_A
325,Model_A
326,Model_A
327,Model_A
328,Model_A
329,Model_A
330,Model_A
331,Model_A
332,Model_A
333,Model_A
334,Model_A
335,Model_A
336,Model_A
337,Model_A
338,Model_A
339,Model_A
340,Model_A
341,Model_A
342,Model_A
343,Model_A
344,Model_A
345,Model_A
346,Model_A
347,Model_A
348,Model_A
349,Model_A
350,Model_A
351,Model_A
352,Model_A
353,Model_A
354,Model_A
355,Model_A
356,Model_A
357,Model_A
358,Model_A
359,Model_A
360,Model_A
361,Model_A
362,Model_A
363,Model_A
364,Model_A
365,Model_A
366,Model_A
367,Model_A
368,Model_A
369,Model_A
370,Model_A
371,Model_A
372,Model_A
373,Model_A
374,Model_A
375,Model_A
376,Model_A
377,Model_A
378,Model_A
379,Model_A
380,Model_A
381,Model_A
382,Model_A
383,Model_A
384,Model_A
385,Model_A
386,Model_A
387,Model_A
388,Model_A
389,Model_A
390,Model_A
391,Model_A
392,Model_A
393,Model_A
394,Model_A
395,Model_A
396,Model_A
397,Model_A
398,Model_A
399,Model_A
400,Model_A
401,Model_A
402,Model_A
403,Model_A
404,Model_A
405,Model_A
406,Model_A
407,Model_A
408,Model_A
409,Model_A
410,Model_A
411,Model_A
412,Model_A
413,Model_A
414,Model_A
415,Model_A
416,Model_A
417,Model_A
418,Model_A
419,Model_A
420,Model_A
421,Model_A
422,Model_A
423,Model_A
424,Model_A
425,Model_A
426,Model_A
427,Model_A
428,Model_A
429,Model_A
430,Model_A
431,Model_A
432,Model_A
433,Model_A
434,Model_A
435,Model_A
436,Model_A
437,Model_A
438,Model_A
439,Model_A
440,Model_A
441,Model_A
442,Model_A
443,Model_A
444,Model_A
445,Model_A
446,Model_A
447,Model_A
448,Model_A
449,Model_A
450,Model_A
451,Model_A
452,Model_A
453,Model_A
454,Model_A
455,Model_A
456,Model_A
457,Model_A
458,Model_A
459,Model_A
460,Model_A
461,Model_A
462,Model_A
463,Model_A
464,Model_A
465,Model_A
466,Model_A
467,Model_A
468,Model_A
469,Model_A
470,Model_A
471,Model_A
472,Model_A
473,Model_A
474,Model_A
475,Model_A
476,Model_A
477,Model_A
478,Model_A
479,Model_A
480,Model_A
481,Model_A
482,Model_A
483,Model_A
484,Model_A
485,Model_A
486,Model_A
487,Model_A
488,Model_A
489,Model_A
490,Model_A
491,Model_A
492,Model_A
493,Model_A
494,Model_A
495,Model_A
496,Model_A
497,Model_A
498,Model_A
499,Model_A
500,Model_A
501,Model_A
502,Model_A
503,Model_A
504,Model_A
505,Model_A
506,Model_A
507,Model_A
508,Model_A
509,Model_A
510,Model_A
511,Model_A
512,Model_A
513,Model_A
514,Model_A
515,Model_A
516,Model_A
517,Model_A
518,Model_A
519,Model_A
520,Model_A
521,Model_A
522,Model_A
523,Model_A
524,Model_A
525,Model_A
526,Model_A
527,Model_A
528,Model_A
529,Model_A
530,Model_A
531,Model_A
532,Model_A
533,Model_A
534,Model_A
535,Model_A
536,Model_A
537,Model_A
538,Model_A
539,Model_A
540,Model_A
541,Model_A
542,Model_A
543,Model_A
544,Model_A
545,Model_A
546,Model_A
547,Model_A
548,Model_A
549,Model_A
550,Model_A
551,Model_A
552,Model_A
553,Model_A
554,Model_A
555,Model_A
556,Model_A
557,Model_A
558,Model_A
559,Model_A
560,Model_A
561,Model_A
562,Model_A
563,Model_A
564,Model_A
565,Model_A
566,Model_A
567,Model_A
568,Model_A
569,Model_A
570,Model_A
571,Model_A
572,Model_A
573,Model_A
574,Model_A
575,Model_A
576,Model_A
577,Model_A
578,Model_A
579,Model_A
580,Model_A
581,Model_A
582,Model_A
583,Model_A
584,Model_A
585,Model_A
586,Model_A
587,Model_A
588,Model_A
589,Model_A
590,Model_A
591,Model_A
592,Model_A
593,Model_A
594,Model_A
595,Model_A
596,Model_A
597,Model_A
598,Model_A
599,Model_A
600,Model_A
601,Model_A
602,Model_A
603,Model_A
604,Model_A
605,Model_A
606,Model_A
607,Model_A
608,Model_A
609,Model_A
610,Model_A
611,Model_A
612,Model_A
613,Model_A
614,Model_A
615,Model_A
616,Model_A
617,Model_A
618,Model_A
619,Model_A
620,Model_A
621,Model_A
622,Model_A
623,Model_A
624,Model_A
625,Model_A
626,Model_A
627,Model_A
628,Model_A
629,Model_A
630,Model_A
631,Model_A
632,Model_A
633,Model_A
634,Model_A
635,Model_A
636,Model_A
637,Model_A
638,Model_A
639,Model_A
640,Model_A
641,Model_A
642,Model_A
643,Model_A
644,Model_A
645,Model_A
646,Model_A
647,Model_A
648,Model_A
649,Model_A
650,Model_A
651,Model_A
652,Model_A
653,Model_A
654,Model_A
655,Model_A
656,Model_A
657,Model_A
658,Model_A
659,Model_A
660,Model_A
661,Model_A
662,Model_A
663,Model_A
664,Model_A
665,Model_A
666,Model_A
667,Model_A
668,Model_A
669,Model_A
670,Model_A
671,Model_A
672,Model_A
673,Model_A
674,Model_A
675,Model_A
676,Model_A
677,Model_A
678,Model_A
679,Model_A
680,Model_A
681,Model_A
682,Model_A
683,Model_A
684,Model_A
685,Model_A
686,Model_A
687,Model_A
688,Model_A
689,Model_A
690,Model_A
691,Model_A
692,Model_A
693,Model_A
694,Model_A
695,Model_A
696,Model_A
697,Model_A
698,Model_A
699,Model_A
700,Model_A
701,Model_A
702,Model_A
703,Model_A
704,Model_A
705,Model_A
706,Model_A
707,Model_A
708,Model_A
709,Model_A
710,Model_A
711,Model_A
712,Model_A
713,Model_A
714,Model_A
715,Model_A
716,Model_A
717,Model_A
718,Model_A
719,Model_A
720,Model_A
721,Model_A
722,Model_A
723,Model_A
724,Model_A
725,Model_A
726,Model_A
727,Model_A
728,Model_A
729,Model_A
730,Model_A
731,Model_A
732,Model_A
733,Model_A
734,Model_A
735,Model_A
736,Model_A
737,Model_A
738,Model_A
739,Model_A
740,Model_A
741,Model_A
742,Model_A
743,Model_A
744,Model_A
745,Model_A
746,Model_A
747,Model_A
748,Model_A
749,Model_A
750,Model_A
751,Model_A
752,Model_A
753,Model_A
754,Model_A
755,Model_A
756,Model_A
757,Model_A
758,Model_A
759,Model_A
760,Model_A
761,Model_A
762,Model_A
763,Model_A
764,Model_A
765,Model_A
766,Model_A
767,Model_A
768,Model_A
769,Model_A
770,Model_A
771,Model_A
772,Model_A
773,Model_A
774,Model_A
775,Model_A
776,Model_A
777,Model_A
778,Model_A
779,Model_A
780,Model_A
781,Model_A
782,Model_A
783,Model_A
784,Model_A
785,Model_A
786,Model_A
787,Model_A
788,Model_A
789,Model_A
790,Model_A
791,Model_A
792,Model_A
793,Model_A
794,Model_A
795,Model_A
796,Model_A
797,Model_A
798,Model_A
799,Model_A
800,Model_A
801,Model_A
802,Model_A
803,Model_A
804,Model_A
805,Model_A
806,Model_A
807,Model_A
808,Model_A
809,Model_A
810,Model_A
811,Model_A
812,Model_A
813,Model_A
814,Model_A
815,Model_A
816,Model_A
817,Model_A
818,Model_A
819,Model_A
820,Model_A
821,Model_A
822,Model_A
823,Model_A
824,Model_A
825,Model_A
826,Model_A
827,Model_A
828,Model_A
829,Model_A
830,Model_A
831,Model_A
832,Model_A
833,Model_A
834,Model_A
835,Model_A
836,Model_A
837,Model_A
838,Model_A
839,Model_A
840,Model_A
841,Model_A
842,Model_A
843,Model_A
844,Model_A
845,Model_A
846,Model_A
847,Model_A
848,Model_A
849,Model_A
850,Model_A
851,Model_A
852,Model_A
853,Model_A
854,Model_A
855,Model_A
856,Model_A
857,Model_A
858,Model_A
859,Model_A
860,Model_A
861,Model_A
862,Model_A
863,Model_A
864,Model_A
865,Model_A
866,Model_A
867,Model_A
868,Model_A
869,Model_A
870,Model_A
871,Model_A
872,Model_A
873,Model_A
874,Model_A
875,Model_A
876,Model_A
877,Model_A
878,Model_A
879,Model_A
880,Model_A
881,Model_A
882,Model_A
883,Model_A
884,Model_A
885,Model_A
886,Model_A
887,Model_A
888,Model_A
889,Model_A
890,Model_A
891,Model_A
892,Model_A
893,Model_A
894,Model_A
895,Model_A
896,Model_A
897,Model_A
898,Model_A
899,Model_A
900,Model_A
901,Model_A
902,Model_A
903,Model_A
904,Model_A
905,Model_A
906,Model_A
907,Model_A
908,Model_A
909,Model_A
910,Model_A
911,Model_A
912,Model_A
913,Model_A
914,Model_A
915,Model_A
916,Model_A
917,Model_A
918,Model_A
919,Model_A
920,Model_A
921,Model_A
922,Model_A
923,Model_A
924,Model_A
925,Model_A
926,Model_A
927,Model_A
928,Model_A
929,Model_A
930,Model_A
931,Model_A
932,Model_A
933,Model_A
934,Model_A
935,Model_A
936,Model_A
937,Model_A
938,Model_A
939,Model_A
940,Model_A
941,Model_A
942,Model_A
943,Model_A
944,Model_A
945,Model_A
946,Model_A
947,Model_A
948,Model_A
949,Model_A
950,Model_A
951,Model_A
952,Model_A
953,Model_A
954,Model_A
955,Model_A
956,Model_A
957,Model_A
958,Model_A
959,Model_A
960,Model_A
961,Model_A
962,Model_A
963,Model_A
964,Model_A
965,Model_A
966,Model_A
967,Model_A
968,Model_A
969,Model_A
970,Model_A
971,Model_A
972,Model_A
973,Model_A
974,Model_A
975,Model_A
976,Model_A
977,Model_A
978,Model_A
979,Model_A
980,Model_A
981,Model_A
982,Model_A
983,Model_A
984,Model_A
985,Model_A
986,Model_A
987,Model_A
988,Model_A
989,Model_A
990,Model_A
991,Model_A
992,Model_A
993,Model_A
994,Model_A
995,Model_A
996,Model_A
997,Model_A
998,Model_A
999,Model_A
1000,Model_A
1001,Model_A
1002,Model_A
1003,Model_A
1004,Model_A
1005,Model_A
1006,Model_A
1007,Model_A
1008,Model_A
1009,Model_A
1010,Model_A
1011,Model_A
1012,Model_A
1013,Model_A
1014,Model_A
1015,Model_A
1016,Model_A
1017,Model_A
1018,Model_A
1019,Model_A
1020,Model_A
1021,Model_A
1022,Model_A
1023,Model_A
1024,Model_A
1025,Model_A
1026,Model_A
1027,Model_A
1028,Model_A
1029,Model_A
1030,Model_A
1031,Model_A
1032,Model_A
1033,Model_A
1034,Model_A
1035,Model_A
1036,Model_A
1037,Model_A
1038,Model_A
1039,Model_A
1040,Model_A
1041,Model_A
1042,Model_A
1043,Model_A
1044,Model_A
1045,Model_A
1046,Model_A
1047,Model_A
1048,Model_A
1049,Model_A
1050,Model_A
1051,Model_A
1052,Model_A
1053,Model_A
1054,Model_A
1055,Model_A
1056,Model_A
1057,Model_A
1058,Model_A
1059,Model_A
1060,Model_A
1061,Model_A
1062,Model_A
1063,Model_A
1064,Model_A
1065,Model_A
1066,Model_A
1067,Model_A
1068,Model_A
1069,Model_A
1070,Model_A
1071,Model_A
1072,Model_A
1073,Model_A
1074,Model_A
1075,Model_A
1076,Model_A
1077,Model_A
1078,Model_A
1079,Model_A
1080,Model_A
1081,Model_A
1082,Model_A
1083,Model_A
1084,Model_A
1085,Model_A
1086,Model_A
1087,Model_A
1088,Model_A
1089,Model_A
1090,Model_A
1091,Model_A
1092,Model_A
1093,Model_A
1094,Model_A
1095,Model_A
1096,Model_A
1097,Model_A
1098,Model_A
1099,Model_A
1100,Model_A
1101,Model_A
1102,Model_A
1103,Model_A
1104,Model_A
1105,Model_A
1106,Model_A
1107,Model_A
1108,Model_A
1109,Model_A
1110,Model_A
1111,Model_A
1112,Model_A
1113,Model_A
1114,Model_A
1115,Model_A
1116,Model_A
1117,Model_A
1118,Model_A
1119,Model_A
1120,Model_A
1121,Model_A
1122,Model_A
1123,Model_A
1124,Model_A
1125,Model_A
1126,Model_A
1127,Model_A
1128,Model_A
1129,Model_A
1130,Model_A
1131,Model_A
1132,Model_A
1133,Model_A
1134,Model_A
1135,Model_A
1136,Model_A
1137,Model_A
1138,Model_A
1139,Model_A
1140,Model_A
1141,Model_A
1142,Model_A
1143,Model_A
1144,Model_A
1145,Model_A
1146,Model_A
1147,Model_A
1148,Model_A
1149,Model_A
1150,Model_A
1151,Model_A
1152,Model_A
1153,Model_A
1154,Model_A
1155,Model_A
1156,Model_A
1157,Model_A
1158,Model_A
1159,Model_A
1160,Model_A
1161,Model_A
1162,Model_A
1163,Model_A
1164,Model_A
1165,Model_A
1166,Model_A
1167,Model_A
1168,Model_A
1169,Model_A
1170,Model_A
1171,Model_A
1172,Model_A
1173,Model_A
1174,Model_A
1175,Model_A
1176,Model_A
1177,Model_A
1178,Model_A
1179,Model_A
1180,Model_A
1181,Model_A
1182,Model_A
1183,Model_A
1184,Model_A
1185,Model_A
1186,Model_A
1187,Model_A
1188,Model_A
1189,Model_A
1190,Model_A
1191,Model_A
1192,Model_A
1193,Model_A
1194,Model_A
1195,Model_A
1196,Model_A
1197,Model_A
1198,Model_A
1199,Model_A
1200,Model_A
1201,Model_A
1202,Model_A
1203,Model_A
1204,Model_A
1205,Model_A
1206,Model_A
1207,Model_A
1208,Model_A
1209,Model_A
1210,Model_A
1211,Model_A
1212,Model_A
1213,Model_A
1214,Model_A
1215,Model_A
1216,Model_A
1217,Model_A
1218,Model_A
1219,Model_A
1220,Model_A
1221,Model_A
1222,Model_A
1223,Model_A
1224,Model_A
1225,Model_A
1226,Model_A
1227,Model_A
1228,Model_A
1229,Model_A
1230,Model_A
1231,Model_A
1232,Model_A
1233,Model_A
1234,Model_A
1235,Model_A
1236,Model_A
1237,Model_A
1238,Model_A
1239,Model_A
1240,Model_A
1241,Model_A
1242,Model_A
1243,Model_A
1244,Model_A
1245,Model_A
1246,Model_A
1247,Model_A
1248,Model_A
1249,Model_A
1250,Model_A
1251,Model_A
1252,Model_A
1253,Model_A
1254,Model_A
1255,Model_A
1256,Model_A
1257,Model_A
1258,Model_A
1259,Model_A
1260,Model_A
1261,Model_A
1262,Model_A
1263,Model_A
1264,Model_A
1265,Model_A
1266,Model_A
1267,Model_A
1268,Model_A
1269,Model_A
1270,Model_A
1271,Model_A
1272,Model_A
1273,Model_A
1274,Model_A
1275,Model_A
1276,Model_A
1277,Model_A
1278,Model_A
1279,Model_A
1280,Model_A
1281,Model_A
1282,Model_A
1283,Model_A
1284,Model_A
1285,Model_A
1286,Model_A
1287,Model_A
1288,Model_A
1289,Model_A
1290,Model_A
1291,Model_A
1292,Model_A
1293,Model_A
1294,Model_A
1295,Model_A
1296,Model_A
1297,Model_A
1298,Model_A
1299,Model_A
1300,Model_A
1301,Model_A
1302,Model_A
1303,Model_A
1304,Model_A
1305,Model_A
1306,Model_A
1307,Model_A
1308,Model_A
1309,Model_A
1310,Model_A
1311,Model_A
1312,Model_A
1313,Model_A
1314,Model_A
1315,Model_A
1316,Model_A
1317,Model_A
1318,Model_A
1319,Model_A
1320,Model_A
1321,Model_A
1322,Model_A
1323,Model_A
1324,Model_A
1325,Model_A
1326,Model_A
1327,Model_A
1328,Model_A
1329,Model_A
1330,Model_A
1331,Model_A
1332,Model_A
1333,Model_A
1334,Model_A
1335,Model_A
1336,Model_A
1337,Model_A
1338,Model_A
1339,Model_A
1340,Model_A
1341,Model_A
1342,Model_A
1343,Model_A
1344,Model_A
1345,Model_A
1346,Model_A
1347,Model_A
1348,Model_A
1349,Model_A
1350,Model_A
1351,Model_A
1352,Model_A
1353,Model_A
1354,Model_A
1355,Model_A
1356,Model_A
1357,Model_A
1358,Model_A
1359,Model_A
1360,Model_A
1361,Model_A
1362,Model_A
1363,Model_A
1364,Model_A
1365,Model_A
1366,Model_A
1367,Model_A
1368,Model_A
1369,Model_A
1370,Model_A
1371,Model_A
1372,Model_A
1373,Model_A
1374,Model_A
1375,Model_A
1376,Model_A
1377,Model_A
1378,Model_A
1379,Model_A
1380,Model_A
1381,Model_A
1382,Model_A
1383,Model_A
1384,Model_A
1385,Model_A
1386,Model_A
1387,Model_A
1388,Model_A
1389,Model_A
1390,Model_A
1391,Model_A
1392,Model_A
1393,Model_A
1394,Model_A
1395,Model_A
1396,Model_A
1397,Model_A
1398,Model_A
1399,Model_A
1400,Model_A
1401,Model_A
1402,Model_A
1403,Model_A
1404,Model_A
1405,Model_A
1406,Model_A
1407,Model_A
1408,Model_A
1409,Model_A
1410,Model_A
1411,Model_A
1412,Model_A
1413,Model_A
1414,Model_A
1415,Model_A
1416,Model_A
1417,Model_A
1418,Model_A
1419,Model_A
1420,Model_A
1421,Model_A
1422,Model_A
1423,Model_A
1424,Model_A
1425,Model_A
1426,Model_A
1427,Model_A
1428,Model_A
1429,Model_A
1430,Model_A
1431,Model_A
1432,Model_A
1433,Model_A
1434,Model_A
1435,Model_A
1436,Model_A
1437,Model_A
1438,Model_A
1439,Model_A
1440,Model_A
1441,Model_A
1442,Model_A
1443,Model_A
1444,Model_A
1445,Model_A
1446,Model_A
1447,Model_A
1448,Model_A
1449,Model_A
1450,Model_A
1451,Model_A
1452,Model_A
1453,Model_A
1454,Model_A
1455,Model_A
1456,Model_A
1457,Model_A
1458,Model_A
1459,Model_A
1460,Model_A
1461,Model_A
1462,Model_A
1463,Model_A
1464,Model_A
1465,Model_A
1466,Model_A
1467,Model_A
1468,Model_A
1469,Model_A
1470,Model_A
1471,Model_A
1472,Model_A
1473,Model_A
1474,Model_A
1475,Model_A
1476,Model_A
1477,Model_A
1478,Model_A
1479,Model_A
1480,Model_A
1481,Model_A
1482,Model_A
1483,Model_A
1484,Model_A
1485,Model_A
1486,Model_A
1487,Model_A
1488,Model_A
1489,Model_A
1490,Model_A
1491,Model_A
1492,Model_A
1493,Model_A
1494,Model_A
1495,Model_A
1496,Model_A
1497,Model_A
1498,Model_A
1499,Model_A
1500,Model_A
1501,Model_A
1502,Model_A
1503,Model_A
1504,Model_A
1505,Model_A
1506,Model_A
1507,Model_A
1508,Model_A
1509,Model_A
1510,Model_A
1511,Model_A
1512,Model_A
1513,Model_A
1514,Model_A
1515,Model_A
1516,Model_A
1517,Model_A
1518,Model_A
1519,Model_A
1520,Model_A
1521,Model_A
1522,Model_A
1523,Model_A
1524,Model_A
1525,Model_A
1526,Model_A
1527,Model_A
1528,Model_A
1529,Model_A
1530,Model_A
1531,Model_A
1532,Model_A
1533,Model_A
1534,Model_A
1535,Model_A
1536,Model_A
1537,Model_A
1538,Model_A
1539,Model_A
1540,Model_A
1541,Model_A
1542,Model_A
1543,Model_A
1544,Model_A
1545,Model_A
1546,Model_A
1547,Model_A
1548,Model_A
1549,Model_A
1550,Model_A
1551,Model_A
1552,Model_A
1553,Model_A
1554,Model_A
1555,Model_A
1556,Model_A
1557,Model_A
1558,Model_A
1559,Model_A
1560,Model_A
1561,Model_A
1562,Model_A
1563,Model_A
1564,Model_A
1565,Model_A
1566,Model_A
1567,Model_A
1568,Model_A
1569,Model_A
1570,Model_A
1571,Model_A
1572,Model_A
1573,Model_A
1574,Model_A
1575,Model_A
1576,Model_A
1577,Model_A
1578,Model_A
1579,Model_A
1580,Model_A
1581,Model_A
1582,Model_A
1583,Model_A
1584,Model_A
1585,Model_A
1586,Model_A
1587,Model_A
1588,Model_A
1589,Model_A
1590,Model_A
1591,Model_A
1592,Model_A
1593,Model_A
1594,Model_A
1595,Model_A
1596,Model_A
1597,Model_A
1598,Model_A
1599,Model_A
1600,Model_A
1601,Model_A
1602,Model_A
1603,Model_A
1604,Model_A
1605,Model_A
1606,Model_A
1607,Model_A
1608,Model_A
1609,Model_A
1610,Model_A
1611,Model_A
1612,Model_A
1613,Model_A
1614,Model_A
1615,Model_A
1616,Model_A
1617,Model_A
1618,Model_A
1619,Model_A
1620,Model_A
1621,Model_A
1622,Model_A
1623,Model_A
1624,Model_A
1625,Model_A
1626,Model_A
1627,Model_A
1628,Model_A
1629,Model_A
1630,Model_A
1631,Model_A
1632,Model_A
1633,Model_A
1634,Model_A
1635,Model_A
1636,Model_A
1637,Model_A
1638,Model_A
1639,Model_A
1640,Model_A
1641,Model_A
1642,Model_A
1643,Model_A
1644,Model_A
1645,Model_A
1646,Model_A
1647,Model_A
1648,Model_A
1649,Model_A
1650,Model_A
1651,Model_A
1652,Model_A
1653,Model_A
1654,Model_A
1655,Model_A
1656,Model_A
1657,Model_A
1658,Model_A
1659,Model_A
1660,Model_A
1661,Model_A
1662,Model_A
1663,Model_A
1664,Model_A
1665,Model_A
1666,Model_A
1667,Model_A
1668,Model_A
1669,Model_A
1670,Model_A
1671,Model_A
1672,Model_A
1673,Model_A
1674,Model_A
1675,Model_A
1676,Model_A
1677,Model_A
1678,Model_A
1679,Model_A
1680,Model_A
1681,Model_A
1682,Model_A
1683,Model_A
1684,Model_A
1685,Model_A
1686,Model_A
1687,Model_A
1688,Model_A
1689,Model_A
1690,Model_A
1691,Model_A
1692,Model_A
1693,Model_A
1694,Model_A
1695,Model_A
1696,Model_A
1697,Model_A
1698,Model_A
1699,Model_A
1700,Model_A
1701,Model_A
1702,Model_A
1703,Model_A
1704,Model_A
1705,Model_A
1706,Model_A
1707,Model_A
1708,Model_A
1709,Model_A
1710,Model_A
1711,Model_A
1712,Model_A
1713,Model_A
1714,Model_A
1715,Model_A
1716,Model_A
1717,Model_A
1718,Model_A
1719,Model_A
1720,Model_A
1721,Model_A
1722,Model_A
1723,Model_A
1724,Model_A
1725,Model_A
1726,Model_A
1727,Model_A
1728,Model_A
1729,Model_A
1730,Model_A
1731,Model_A
1732,Model_A
1733,Model_A
1734,Model_A
1735,Model_A
1736,Model_A
1737,Model_A
1738,Model_A
1739,Model_A
1740,Model_A
1741,Model_A
1742,Model_A
1743,Model_A
1744,Model_A
1745,Model_A
1746,Model_A
1747,Model_A
1748,Model_A
1749,Model_A
1750,Model_A
1751,Model_A
1752,Model_A
1753,Model_A
1754,Model_A
1755,Model_A
1756,Model_A
1757,Model_A
1758,Model_A
1759,Model_A
1760,Model_A
1761,Model_A
1762,Model_A
1763,Model_A
1764,Model_A
1765,Model_A
1766,Model_A
1767,Model_A
1768,Model_A
1769,Model_A
1770,Model_A
1771,Model_A
1772,Model_A
1773,Model_A
1774,Model_A
1775,Model_A
1776,Model_A
1777,Model_A
1778,Model_A
1779,Model_A
1780,Model_A
1781,Model_A
1782,Model_A
1783,Model_A
1784,Model_A
1785,Model_A
1786,Model_A
1787,Model_A
1788,Model_A
1789,Model_A
1790,Model_A
1791,Model_A
1792,Model_A
1793,Model_A
1794,Model_A
1795,Model_A
1796,Model_A
1797,Model_A
1798,Model_A
1799,Model_A
1800,Model_A
1801,Model_A
1802,Model_A
1803,Model_A
1804,Model_A
1805,Model_A
1806,Model_A
1807,Model_A
1808,Model_A
1809,Model_A
1810,Model_A
1811,Model_A
1812,Model_A
1813,Model_A
1814,Model_A
1815,Model_A
1816,Model_A
1817,Model_A
1818,Model_A
1819,Model_A
1820,Model_A
1821,Model_A
1822,Model_A
1823,Model_A
1824,Model_A
1825,Model_A
1826,Model_A
1827,Model_A
1828,Model_A
1829,Model_A
1830,Model_A
1831,Model_A
1832,Model_A
1833,Model_A
1834,Model_A
1835,Model_A
1836,Model_A
1837,Model_A
1838,Model_A
1839,Model_A
1840,Model_A
1841,Model_A
1842,Model_A
1843,Model_A
1844,Model_A
1845,Model_A
1846,Model_A
1847,Model_A
1848,Model_A
1849,Model_A
1850,Model_A
1851,Model_A
1852,Model_A
1853,Model_A
1854,Model_A
1855,Model_A
1856,Model_A
1857,Model_A
1858,Model_A
1859,Model_A
1860,Model_A
1861,Model_A
1862,Model_A
1863,Model_A
1864,Model_A
1865,Model_A
1866,Model_A
1867,Model_A
1868,Model_A
1869,Model_A
1870,Model_A
1871,Model_A
1872,Model_A
1873,Model_A
1874,Model_A
1875,Model_A
1876,Model_A
1877,Model_A
1878,Model_A
1879,Model_A
1880,Model_A
1881,Model_A
1882,Model_A
1883,Model_A
1884,Model_A
1885,Model_A
1886,Model_A
1887,Model_A
1888,Model_A
1889,Model_A
1890,Model_A
1891,Model_A
1892,Model_A
1893,Model_A
1894,Model_A
1895,Model_A
1896,Model_A
1897,Model_A
1898,Model_A
1899,Model_A
1900,Model_A
1901,Model_A
1902,Model_A
1903,Model_A
1904,Model_A
1905,Model_A
1906,Model_A
1907,Model_A
1908,Model_A
1909,Model_A
1910,Model_A
1911,Model_A
1912,Model_A
1913,Model_A
1914,Model_A
1915,Model_A
1916,Model_A
1917,Model_A
1918,Model_A
1919,Model_A
1920,Model_A
1921,Model_A
1922,Model_A
1923,Model_A
1924,Model_A
1925,Model_A
1926,Model_A
1927,Model_A
1928,Model_A
1929,Model_A
1930,Model_A
1931,Model_A
1932,Model_A
1933,Model_A
1934,Model_A
1935,Model_A
1936,Model_A
1937,Model_A
1938,Model_A
1939,Model_A
1940,Model_A
1941,Model_A
1942,Model_A
1943,Model_A
1944,Model_A
1945,Model_A
1946,Model_A
1947,Model_A
1948,Model_A
1949,Model_A
1950,Model_A
1951,Model_A
1952,Model_A
1953,Model_A
1954,Model_A
1955,Model_A
1956,Model_A
1957,Model_A
1958,Model_A
1959,Model_A
1960,Model_A
1961,Model_A
1962,Model_A
1963,Model_A
1964,Model_A
1965,Model_A
1966,Model_A
1967,Model_A
1968,Model_A
1969,Model_A
1970,Model_A
1971,Model_A
1972,Model_A
1973,Model_A
1974,Model_A
1975,Model_A
1976,Model_A
1977,Model_A
1978,Model_A
1979,Model_A
1980,Model_A
1981,Model_A
1982,Model_A
1983,Model_A
1984,Model_A
1985,Model_A
1986,Model_A
1987,Model_A
1988,Model_A
1989,Model_A
1990,Model_A
1991,Model_A
1992,Model_A
1993,Model_A
1994,Model_A
1995,Model_A
1996,Model_A
1997,Model_A
1998,Model_A
1999,Model_A
2000,Model_A
2001,Model_A
2002,Model_A
2003,Model_A
2004,Model_A
2005,Model_A
2006,Model_A
2007,Model_A
2008,Model_A
2009,Model_A
2010,Model_A
2011,Model_A
2012,Model_A
2013,Model_A
2014,Model_A
2015,Model_A
2016,Model_A
2017,Model_A
2018,Model_A
2019,Model_A
2020,Model_A
2021,Model_A
2022,Model_A
2023,Model_A
2024,Model_A
2025,Model_A
2026,Model_A
2027,Model_A
2028,Model_A
2029,Model_A
2030,Model_A
2031,Model_A
2032,Model_A
2033,Model_A
2034,Model_A
2035,Model_A
2036,Model_A
2037,Model_A
2038,Model_A
2039,Model_A
2040,Model_A
2041,Model_A
2042,Model_A
2043,Model_A
2044,Model_A
2045,Model_A
2046,Model_A
2047,Model_A
2048,Model_A
2049,Model_A
2050,Model_A
2051,Model_A
2052,Model_A
2053,Model_A
2054,Model_A
2055,Model_A
2056,Model_A
2057,Model_A
2058,Model_A
2059,Model_A
2060,Model_A
2061,Model_A
2062,Model_A
2063,Model_A
2064,Model_A
2065,Model_A
2066,Model_A
2067,Model_A
2068,Model_A
2069,Model_A
2070,Model_A
2071,Model_A
2072,Model_A
2073,Model_A
2074,Model_A
2075,Model_A
2076,Model_A
2077,Model_A
2078,Model_A
2079,Model_A
2080,Model_A
2081,Model_A
2082,Model_A
2083,Model_A
2084,Model_A
2085,Model_A
2086,Model_A
2087,Model_A
2088,Model_A
2089,Model_A
2090,Model_A
2091,Model_A
2092,Model_A
2093,Model_A
2094,Model_A
2095,Model_A
2096,Model_A
2097,Model_A
2098,Model_A
2099,Model_A
2100,Model_A
2101,Model_A
2102,Model_A
2103,Model_A
2104,Model_A
2105,Model_A
2106,Model_A
2107,Model_A
2108,Model_A
2109,Model_A
2110,Model_A
2111,Model_A
2112,Model_A
2113,Model_A
2114,Model_A
2115,Model_A
2116,Model_A
2117,Model_A
2118,Model_A
2119,Model_A
2120,Model_A
2121,Model_A
2122,Model_A
2123,Model_A
2124,Model_A
2125,Model_A
2126,Model_A
2127,Model_A
2128,Model_A
2129,Model_A
2130,Model_A
2131,Model_A
2132,Model_A
2133,Model_A
2134,Model_A
2135,Model_A
2136,Model_A
2137,Model_A
2138,Model_A
2139,Model_A
2140,Model_A
2141,Model_A
2142,Model_A
2143,Model_A
2144,Model_A
2145,Model_A
2146,Model_A
2147,Model_A
2148,Model_A
2149,Model_A
2150,Model_A
2151,Model_A
2152,Model_A
2153,Model_A
2154,Model_A
2155,Model_A
2156,Model_A
2157,Model_A
2158,Model_A
2159,Model_A
2160,Model_A
2161,Model_A
2162,Model_A
2163,Model_A
2164,Model_A
2165,Model_A
2166,Model_A
2167,Model_A
2168,Model_A
2169,Model_A
2170,Model_A
2171,Model_A
2172,Model_A
2173,Model_A
2174,Model_A
2175,Model_A
2176,Model_A
2177,Model_A
2178,Model_A
2179,Model_A
2180,Model_A
2181,Model_A
2182,Model_A
2183,Model_A
2184,Model_A
2185,Model_A
2186,Model_A
2187,Model_A
2188,Model_A
2189,Model_A
2190,Model_A
2191,Model_A
2192,Model_A
2193,Model_A
2194,Model_A
2195,Model_A
2196,Model_A
2197,Model_A
2198,Model_A
2199,Model_A
2200,Model_A
2201,Model_A
2202,Model_A
2203,Model_A
2204,Model_A
2205,Model_A
2206,Model_A
2207,Model_A
2208,Model_A
2209,Model_A
2210,Model_A
2211,Model_A
2212,Model_A
2213,Model_A
2214,Model_A
2215,Model_A
2216,Model_A
2217,Model_A
2218,Model_A
2219,Model_A
2220,Model_A
2221,Model_A
2222,Model_A
2223,Model_A
2224,Model_A
2225,Model_A
2226,Model_A
2227,Model_A
2228,Model_A
2229,Model_A
2230,Model_A
2231,Model_A
2232,Model_A
2233,Model_A
2234,Model_A
2235,Model_A
2236,Model_A
2237,Model_A
2238,Model_A
2239,Model_A
2240,Model_A
2241,Model_A
2242,Model_A
2243,Model_A
2244,Model_A
2245,Model_A
2246,Model_A
2247,Model_A
2248,Model_A
2249,Model_A
2250,Model_A
2251,Model_A
2252,Model_A
2253,Model_A
2254,Model_A
2255,Model_A
2256,Model_A
2257,Model_A
2258,Model_A
2259,Model_A
2260,Model_A
2261,Model_A
2262,Model_A
2263,Model_A
2264,Model_A
2265,Model_A
2266,Model_A
2267,Model_A
2268,Model_A
2269,Model_A
2270,Model_A
2271,Model_A
2272,Model_A
2273,Model_A
2274,Model_A
2275,Model_A
2276,Model_A
2277,Model_A
2278,Model_A
2279,Model_A
2280,Model_A
2281,Model_A
2282,Model_A
2283,Model_A
2284,Model_A
2285,Model_A
2286,Model_A
2287,Model_A
2288,Model_A
2289,Model_A
2290,Model_A
2291,Model_A
2292,Model_A
2293,Model_A
2294,Model_A
2295,Model_A
2296,Model_A
2297,Model_A
2298,Model_A
2299,Model_A
2300,Model_A
2301,Model_A
2302,Model_A
2303,Model_A
2304,Model_A
2305,Model_A
2306,Model_A
2307,Model_A
2308,Model_A
2309,Model_A
2310,Model_A
2311,Model_A
2312,Model_A
2313,Model_A
2314,Model_A
2315,Model_A
2316,Model_A
2317,Model_A
2318,Model_A
2319,Model_A
2320,Model_A
2321,Model_A
2322,Model_A
2323,Model_A
2324,Model_A
2325,Model_A
2326,Model_A
2327,Model_A
2328,Model_A
2329,Model_A
2330,Model_A
2331,Model_A
2332,Model_A
2333,Model_A
2334,Model_A
2335,Model_A
2336,Model_A
2337,Model_A
2338,Model_A
2339,Model_A
2340,Model_A
2341,Model_A
2342,Model_A
2343,Model_A
2344,Model_A
2345,Model_A
2346,Model_A
2347,Model_A
2348,Model_A
2349,Model_A
2350,Model_A
2351,Model_A
2352,Model_A
2353,Model_A
2354,Model_A
2355,Model_A
2356,Model_A
2357,Model_A
2358,Model_A
2359,Model_A
2360,Model_A
2361,Model_A
2362,Model_A
2363,Model_A
2364,Model_A
2365,Model_A
2366,Model_A
2367,Model_A
2368,Model_A
2369,Model_A
2370,Model_A
2371,Model_A
2372,Model_A
2373,Model_A
2374,Model_A
2375,Model_A
2376,Model_A
2377,Model_A
2378,Model_A
2379,Model_A
2380,Model_A
2381,Model_A
2382,Model_A
2383,Model_A
2384,Model_A
2385,Model_A
2386,Model_A
2387,Model_A
2388,Model_A
2389,Model_A
2390,Model_A
2391,Model_A
2392,Model_A
2393,Model_A
2394,Model_A
2395,Model_A
2396,Model_A
2397,Model_A
2398,Model_A
2399,Model_A
2400,Model_A
2401,Model_A
2402,Model_A
2403,Model_A
2404,Model_A
2405,Model_A
2406,Model_A
2407,Model_A
2408,Model_A
2409,Model_A
2410,Model_A
2411,Model_A
2412,Model_A
2413,Model_A
2414,Model_A
2415,Model_A
2416,Model_A
2417,Model_A
2418,Model_A
2419,Model_A
2420,Model_A
2421,Model_A
2422,Model_A
2423,Model_A
2424,Model_A
2425,Model_A
2426,Model_A
2427,Model_A
2428,Model_A
2429,Model_A
2430,Model_A
2431,Model_A
2432,Model_A
2433,Model_A
2434,Model_A
2435,Model_A
2436,Model_A
2437,Model_A
2438,Model_A
2439,Model_A
2440,Model_A
2441,Model_A
2442,Model_A
2443,Model_A
2444,Model_A
2445,Model_A
2446,Model_A
2447,Model_A
2448,Model_A
2449,Model_A
2450,Model_A
2451,Model_A
2452,Model_A
2453,Model_A
2454,Model_A
2455,Model_A
2456,Model_A
2457,Model_A
2458,Model_A
2459,Model_A
2460,Model_A
2461,Model_A
2462,Model_A
2463,Model_A
2464,Model_A
2465,Model_A
2466,Model_A
2467,Model_A
2468,Model_A
2469,Model_A
2470,Model_A
2471,Model_A
2472,Model_A
2473,Model_A
2474,Model_A
2475,Model_A
2476,Model_A
2477,Model_A
2478,Model_A
2479,Model_A
2480,Model_A
2481,Model_A
2482,Model_A
2483,Model_A
2484,Model_A
2485,Model_A
2486,Model_A
2487,Model_A
2488,Model_A
2489,Model_A
2490,Model_A
2491,Model_A
2492,Model_A
2493,Model_A
2494,Model_A
2495,Model_A
2496,Model_A
2497,Model_A
2498,Model_A
2499,Model_A
2500,Model_A
2501,Model_A
2502,Model_A
2503,Model_A
2504,Model_A
2505,Model_A
2506,Model_A
2507,Model_A
2508,Model_A
2509,Model_A
2510,Model_A
2511,Model_A
2512,Model_A
2513,Model_A
2514,Model_A
2515,Model_A
2516,Model_A
2517,Model_A
2518,Model_A
2519,Model_A
2520,Model_A
2521,Model_A
2522,Model_A
2523,Model_A
2524,Model_A
2525,Model_A
2526,Model_A
2527,Model_A
2528,Model_A
2529,Model_A
2530,Model_A
2531,Model_A
2532,Model_A
2533,Model_A
2534,Model_A
2535,Model_A
2536,Model_A
2537,Model_A
2538,Model_A
2539,Model_A
2540,Model_A
2541,Model_A
2542,Model_A
2543,Model_A
2544,Model_A
2545,Model_A
2546,Model_A
2547,Model_A
2548,Model_A
2549,Model_A
2550,Model_A
